mutant,true_fitness,predicted_fitness,residual
H24Y,-1.0,-0.21753535,-0.7824646532535553
H24P,-3.321928,-0.82163197,-2.5002960319786074
H24L,-0.5,-0.13402493,-0.3659750670194626
H24R,-0.25,-0.43577635,0.18577635288238525
P25R,0.0,-0.49886692,0.4988669157028198
P25Q,0.0,-0.16262235,0.1626223474740982
P25S,0.0,-0.13464306,0.1346430629491806
P25T,0.0,-0.14941913,0.1494191288948059
P25L,-0.166666667,-0.38791326,0.22124658988362123
E26G,-1.0,-0.14524218,-0.8547578155994415
E26K,0.0,-0.13497469,0.13497468829154968
E26V,0.0,-0.11332603,0.11332602798938751
T27A,0.0,-0.85188437,0.8518843650817871
T27M,-1.0,-0.86817247,-0.13182753324508667
T27P,-2.321928,-1.6343628,-0.6875651831893923
T27R,-2.321928,-1.9228421,-0.3990858550338747
T27S,-1.0,-1.0244546,0.024454593658447266
T27K,-2.321928,-1.6025356,-0.7193923945693972
L28P,-2.101606667,-1.9533018,-0.14830487962359618
L28M,0.0,-0.7708545,0.7708544731140137
L28Q,0.0,-0.642377,0.6423770189285278
V29M,0.0,-0.23937203,0.23937202990055084
V29E,-0.5,-0.13196754,-0.36803245544433594
K30I,-0.386988,-0.3936469,0.006658895885467531
K30E,-1.0,-0.7063657,-0.293634295463562
K30N,-2.321928,-0.74536324,-1.5765647645263674
K30T,1.0,-0.73711765,1.7371176481246948
K30R,0.0,-0.65566844,0.6556684374809265
V31L,0.0,-0.5800586,0.5800585746765137
V31I,-0.333333333,-0.5472113,0.21387795640582274
V31A,0.0,-0.73585457,0.7358545660972595
K32I,0.0,-0.293618,0.29361799359321594
K32E,-0.5,-0.25775304,-0.24224695563316345
K32Q,0.0,-0.4209723,0.4209722876548767
K32R,-0.333333333,-0.40883368,0.07550034953707885
K32T,0.0,-0.5160764,0.516076385974884
K32N,0.0,-0.45438284,0.45438283681869507
D33V,0.0,-0.13350582,0.13350582122802734
D33G,-1.0,-0.3812613,-0.6187387108802795
D33A,-1.0,-0.08846724,-0.9115327596664429
D33N,0.0,-0.110532045,0.11053204536437988
A34T,-1.0643856000000005,-0.9743824,-0.09000319948730517
A34V,0.0,-0.37525532,0.3752553164958954
A34D,-5.321928,-2.3394527,-2.9824752564697263
A34G,-1.0,-2.3704276,1.3704276084899902
A34P,-4.821928,-2.4281259,-2.393802141693115
E35V,-2.321928,-2.529295,0.20736696765136697
E35K,-3.321928,-2.2443538,-1.0775742287902834
E35G,-1.0,-1.6809338,0.6809338331222534
E35D,-2.160964,-1.9969373,-0.16402672506713856
D36A,0.0,-0.07638304,0.07638303935527802
D36E,0.0,-0.06877488,0.06877487897872925
D36N,0.0,-0.09545311,0.09545311331748962
D36V,0.0,-0.10551596,0.10551595687866211
Q37R,0.0,-0.16077721,0.16077721118927002
Q37H,0.5,-0.16335315,0.6633531451225281
Q37K,0.333333333,-0.15031181,0.48364514575844575
Q37L,0.0,-0.10561004,0.10561004281044006
L38W,0.0,-1.4937428,1.493742823600769
L38M,1.0,-0.69806564,1.6980656385421753
L38S,-1.0,-0.7384838,-0.2615162134170532
L38F,-1.0,-0.54668796,-0.4533120393753052
G39A,1.0,-0.4141162,1.4141162037849426
G39C,-0.5,-1.3844546,0.884454607963562
G39D,0.0,-0.134311,0.1343110054731369
G39R,0.0,-1.1316882,1.1316882371902466
G39S,0.0,-0.3675688,0.3675687909126282
A40T,-0.2,-0.71898556,0.5189855575561524
A40V,-2.321928,-0.45911336,-1.8628146405487063
R41Q,0.0,-0.43436956,0.4343695640563965
R41L,-1.0,-1.0318333,0.03183329105377197
V42A,-1.0,-1.8207922,0.8207921981811523
V42L,0.25,-0.24260643,0.49260643124580383
V42G,-5.321928,-2.1685777,-3.1533503289489744
V42E,-5.321928,-2.321848,-3.0000800843505857
G43A,-0.666666667,-1.79992,1.1332532958829957
G43C,-3.321928,-2.3202124,-1.0017156358032229
G43D,-5.321928,-2.395403,-2.9265250916748045
G43S,-1.0,-2.1231651,1.1231651306152344
Y44F,0.0,-0.8664411,0.8664410710334778
Y44H,-3.321928,-2.0566468,-1.2652811761169436
Y44C,-5.321928,-2.1390278,-3.182900166061401
Y44N,-2.660964,-2.2096477,-0.45131634451293934
I45T,0.0,-1.1742988,1.1742987632751465
I45V,0.0,-0.41612288,0.4161228835582733
I45N,-4.321928,-1.9522704,-2.3696576113967893
I45M,0.0,-0.76133025,0.761330246925354
I45F,0.0,-0.8002276,0.8002275824546814
E46V,-0.333333333,-0.30784047,-0.025492866500671396
E46D,-0.75,-0.2912328,-0.45876720547676086
E46G,-2.321928,-2.1175165,-0.20441148236084006
E46K,0.333333333,-1.4982237,1.831556995376404
L47V,0.0,-0.36976403,0.3697640299797058
L47M,0.0,-0.45946848,0.4594684839248657
L47P,-5.321928,-2.4933653,-2.828562712219238
L47Q,-0.5,-1.7431681,1.2431681156158447
D48E,0.0,-1.5008998,1.5008997917175293
D48G,-1.0,-2.0903063,1.090306282043457
D48N,-1.0,-1.2973397,0.29733967781066895
D48V,-1.991446,-2.2169743,0.2255282584228515
L49I,0.0,-0.3641699,0.3641698956489563
L49H,-2.321928,-1.90261,-0.4193180556564333
L49F,0.0,-1.7109171,1.7109171152114868
L49P,-2.321928,-2.031776,-0.29015204861450217
L49R,-3.321928,-2.1391287,-1.1827993150024416
N50D,0.5,-0.06513581,0.5651358067989349
N50K,0.0,-0.09874539,0.09874539077281952
N50S,0.0,-0.101463035,0.10146303474903107
N50T,0.0,-0.12391935,0.12391935288906097
S51I,-1.160964,-1.5778147,0.4168506982192992
S51C,-2.321928,-1.5576576,-0.7642704005508425
S51T,0.0,-0.1309293,0.13092930614948273
S51R,-0.5,-0.71260786,0.21260786056518555
S51N,-0.142857143,-0.2069439,0.06408675639308167
G52A,-0.5,-1.7546227,1.2546226978302002
G52S,-0.5,-1.528294,1.0282939672470093
G52C,-2.214618667,-2.2664847,0.05186607039624036
G52D,-1.0,-1.0844228,0.08442282676696777
K53R,0.0,-0.28925607,0.2892560660839081
K53M,0.0,-0.35912153,0.35912153124809265
K53E,1.0,-0.09628484,1.0962848365306854
I54F,0.0,-1.2885574,1.2885574102401733
I54N,-1.370723,-1.5877336,0.2170106263656617
I54T,0.25,-0.46801835,0.7180183529853821
I54V,0.333333333,-0.21109787,0.5444311992967682
L55I,0.25,-0.25157997,0.5015799701213837
L55H,-1.660964,-1.0373567,-0.6236072657241822
L55P,-5.321928,-2.3149796,-3.0069484467773435
E56V,-0.5,-0.7868536,0.2868536114692688
E56K,0.0,-0.21693382,0.21693381667137146
E56G,0.0,-0.15456314,0.15456314384937286
S57N,0.0,-0.1632598,0.16325980424880981
S57I,0.0,-0.5882623,0.5882623195648193
S57G,0.0,-0.08674523,0.0867452323436737
S57R,0.0,-0.15744331,0.1574433147907257
F58L,-0.25,-0.25322047,0.003220468759536743
F58I,-1.0,-0.26216447,-0.7378355264663696
F58V,0.0,-0.26662236,0.2666223645210266
F58S,0.0,-0.5252763,0.5252763032913208
F58C,0.0,-1.2803607,1.2803606986999512
R59L,-3.321928,-1.9178288,-1.4040992017059328
R59C,-3.655261333,-1.717884,-1.9373773884885863
R59H,-0.285714286,-1.0404289,0.7547145908768311
R59P,-5.321928,-2.4309006,-2.891027426269531
P60A,0.0,-0.10282138,0.10282137989997864
P60T,0.0,-0.30070475,0.3007047474384308
P60S,0.0,-0.17761433,0.17761433124542236
P60R,0.0,-0.80425704,0.8042570352554321
P60L,-0.5,-0.6747061,0.1747061014175415
P60H,0.333333333,-0.5819774,0.9153107600057678
E61G,0.0,-0.10511488,0.1051148772239685
E61A,0.0,-0.14797194,0.14797194302082062
E61V,0.0,-0.3111669,0.311166912317276
E61D,0.0,-0.04214728,0.042147278785705566
E61K,0.0,-0.14079972,0.14079971611499786
E62G,-1.0,-1.4475507,0.4475506544113159
E62D,0.0,-0.55149114,0.5514911413192749
R63C,-1.607309333,-1.415714,-0.19159530750256337
R63L,0.0,-1.315422,1.3154220581054688
F64S,-5.321928,-2.4476938,-2.8742341752319334
F64L,-4.821928,-1.7455897,-3.0763382668762205
F64C,-5.321928,-2.532133,-2.7897948975830076
F64V,-2.821928,-2.0957947,-0.7261333222656252
F64I,-4.821928,-2.2421224,-2.5798055882720945
F64Y,-0.666666667,-1.1720648,0.5053981141889649
P65L,-4.321928,-2.6572256,-1.6647023911743162
P65S,-2.741446,-2.5156555,-0.22579048242187483
P65Q,-4.321928,-2.8091526,-1.5127753968505857
M66L,-0.331704,-1.2674196,0.9357155766448975
M66K,-5.321928,-2.403469,-2.9184589143066404
M66I,0.0,-1.734031,1.7340309619903564
M66T,-1.5287712,-2.0260792,0.4973079778564453
M66V,0.0,-1.7484887,1.7484886646270752
M66R,-5.321928,-2.5297236,-2.792204355743408
M67V,-1.0,-0.33178726,-0.6682127416133881
M67T,-0.5,-0.053758383,-0.4462416172027588
M67L,-2.321928,-0.12431502,-2.197612976577759
M67K,-5.321928,-2.4132576,-2.9086704011230466
M67I,-0.666666667,-0.87899935,0.21233268545513917
S68N,-5.321928,-2.6038795,-2.718048548248291
S68G,-5.321928,-2.8005686,-2.5213594193725584
S68C,-5.321928,-2.6002398,-2.7216882462768552
S68I,-5.321928,-3.1441813,-2.177746748474121
T69N,-5.321928,-2.5737548,-2.7481732125549314
T69I,-2.821928,-2.0093675,-0.8125605340270998
T69A,-4.321928,-2.5858574,-1.736070608642578
T69S,-1.214618667,-2.022294,0.8076753774946288
F70I,-1.0,-0.75592107,-0.24407893419265747
F70L,-1.5287712,-0.82986295,-0.6989082477676392
F70S,0.0,-0.60914814,0.6091481447219849
F70Y,-4.321928,-0.43134728,-3.890580719259262
F70V,-0.666666667,-0.87294793,0.20628126428967286
K71N,-5.321928,-2.6489449,-2.6729831452636716
K71I,-5.321928,-3.0038643,-2.3180637116699216
K71R,-4.821928,-2.7071638,-2.1147641892700193
K71T,-5.321928,-2.7573137,-2.5646142716674802
V72I,0.0,-1.8435944,1.8435944318771362
V72G,-3.321928,-2.0858614,-1.2360665555267336
V72D,-5.321928,-2.1584585,-3.163469528701782
V72A,0.0,-2.534524,2.5345239639282227
L73Q,-1.0,-2.0621207,1.0621206760406494
L73P,-1.0,-1.3025141,0.30251407623291016
L74P,-5.321928,-2.2066689,-3.115259146240234
L74Q,-4.321928,-2.1354313,-2.186496710327148
L74I,-0.75,-0.28885868,-0.46114131808280945
C75R,-5.321928,-3.0114093,-2.3105187173156736
C75S,-1.330482,-1.9896567,0.659174686782837
C75Y,-5.321928,-2.6178713,-2.7040567155151365
G76A,-4.321928,-0.09752457,-4.22440343156147
G76S,-0.5,-0.35798398,-0.14201602339744568
G76V,-2.321928,-1.50689,-0.8150379414825442
G76C,-1.0,-0.92448896,-0.07551103830337524
G76D,-5.321928,-2.373209,-2.9487190003662107
A77P,-5.321928,-2.124452,-3.197475885894775
A77G,-1.0,-0.3417066,-0.6582933962345123
A77E,-2.321928,-0.3608665,-1.9610615129737856
A77T,0.0,-0.21002938,0.21002937853336334
A77V,0.0,-0.20282201,0.2028220146894455
V78A,-1.410964,-1.8374208,0.42645682118988026
V78I,0.0,-0.16355318,0.1635531783103943
V78L,-0.5,-0.8958394,0.3958393931388855
L79F,-3.321928,-1.2718537,-2.050074314620972
L79I,-2.321928,-1.3182783,-1.0036496873168947
S80P,-5.321928,-2.4594936,-2.862434362915039
S80T,0.333333333,-0.27540535,0.6087386803472595
S80Y,0.0,-0.51048493,0.5104849338531494
R81L,0.0,-0.18793574,0.1879357397556305
R81S,0.0,-0.74468195,0.7446819543838501
R81P,-4.321928,-2.6565533,-1.6653747315673826
R81H,-0.610160667,-0.376071,-0.23408966094035344
R81C,-1.5287712,-1.1577836,-0.3709875724899292
V82G,-2.321928,-1.869132,-0.45279595806884787
V82I,0.0,-0.34199363,0.34199362993240356
V82D,-3.321928,-2.0959437,-1.2259843106536867
V82L,-2.321928,-0.9803881,-1.3415398950843813
V82A,-1.0,-0.6745726,-0.32542741298675537
D83G,-2.321928,-1.6299094,-0.6920186038284304
D83V,-3.821928,-1.9952536,-1.8266744370727541
D83N,-2.321928,-0.8494839,-1.4724440927772524
A84P,-3.321928,-1.5752393,-1.746688699272156
A84D,0.0,-0.2885809,0.28858089447021484
A84S,0.0,-0.17129028,0.17129027843475342
A84T,0.0,-0.2606311,0.26063111424446106
A84V,0.166666667,-0.1674123,0.33407896293753814
G85W,-1.660964,-1.5616914,-0.09927259661102306
G85E,-0.333333333,-0.38825634,0.054923008218948355
G85R,-0.333333333,-0.5550276,0.22169427110308837
G85V,-1.881285333,-1.2557971,-0.6254881852491454
Q86E,-1.0,-0.0479621,-0.952037900686264
Q86H,0.0,-0.23682489,0.2368248850107193
Q86K,0.5,-0.12429246,0.6242924630641937
E87V,-0.25,-0.9461794,0.6961793899536133
E87A,-1.0,-1.375236,0.37523603439331055
E87D,0.0,-0.7008066,0.7008066177368164
E87K,-4.321928,-1.4579457,-2.8639822955398557
Q88H,-0.25,-0.14697409,-0.10302591323852539
Q88R,0.0,-0.3181931,0.31819310784339905
Q88L,-0.4643855999999999,-0.24869516,-0.21569043508110036
L89F,-1.330482,-1.5535569,0.22307491909790045
L89H,-2.721928,-2.1429267,-0.5790013070373536
L89I,-1.0,-0.77477753,-0.22522246837615967
L89P,-1.0,-1.9239008,0.923900842666626
G90A,0.0,-0.14067711,0.14067710936069489
G90C,-1.7739759999999998,-0.89572924,-0.8782467562446592
G90R,0.0,-0.2809971,0.280997097492218
G90S,-0.4,-0.09267384,-0.3073261618614197
G90D,0.333333333,-0.15119047,0.48452380762940217
R91C,-3.321928,-1.5548254,-1.76710257485199
R91H,0.0,-0.9465834,0.9465833902359009
R91L,-2.321928,-1.6275157,-0.6944123263626101
R91S,-1.0,-1.0983747,0.09837472438812256
R92C,-1.0,-0.93299335,-0.06700664758682251
R92G,-2.321928,-1.3233836,-0.998544430282593
R92H,-0.428571429,-0.32149142,-0.10708000873098755
R92L,0.2,-0.32122815,0.5212281465530395
R92S,-1.0,-0.5782505,-0.421749472618103
I93V,0.333333333,-0.1906955,0.5240288274133759
I93M,0.0,-0.71877563,0.7187756299972534
I93L,0.0,-0.27456462,0.27456462383270264
I93K,-2.821928,-2.3828688,-0.43905923321533225
H94Y,0.0,-0.26970384,0.26970383524894714
H94R,0.0,-0.07256256,0.0725625604391098
H94Q,0.0,-0.182309,0.18230900168418884
H94L,0.0,-0.23405728,0.23405727744102478
H94D,-1.0,-0.6985234,-0.3014765977859497
Y95C,-2.321928,-1.188245,-1.1336829419403078
Y95H,-2.821928,-1.6029725,-1.2189554925231936
Y95N,-5.321928,-2.2904348,-3.031493162658691
S96P,0.0,-1.250844,1.2508440017700195
Q97L,-1.107309333,-0.22227904,-0.885030290994461
Q97H,0.0,-0.10992345,0.10992345213890076
Q97R,0.25,-0.08308606,0.3330860584974289
Q97P,0.0,-0.1975089,0.19750890135765076
N98D,0.0,-0.13340114,0.13340114057064056
N98S,0.0,-0.12780787,0.1278078705072403
N98Y,0.0,-0.32651982,0.32651981711387634
D99V,-0.5,-0.6581763,0.15817630290985107
D99N,0.0,-0.45298076,0.45298075675964355
D99G,-2.321928,-1.4217067,-0.9002213235168459
D99E,0.0,-0.37220013,0.3722001314163208
L100F,0.0,-1.4408023,1.4408023357391357
L100M,0.0,-0.44175744,0.4417574405670166
L100V,0.0,-0.42808992,0.4280899167060852
L100S,-2.321928,-1.9714097,-0.35051832154083273
V101D,-1.0,-1.4089248,0.40892481803894043
V101G,-5.321928,-1.3511492,-3.9707787986068723
V101L,-0.5,-0.28924242,-0.21075758337974548
V101A,-0.833333333,-0.6134206,-0.21991272734051515
E102G,-0.5,-0.085549414,-0.41445058584213257
E102V,0.333333333,-0.13838606,0.4717193888271408
E102K,-0.666666667,-0.13150328,-0.5351633830224914
E102D,0.0,-0.08852953,0.08852952718734741
Y103H,-0.666666667,-0.6901057,0.023439009651000986
S104P,-4.988594667,-2.5526853,-2.435909406227295
S104T,-2.321928,-1.8141363,-0.5077917332916262
S104L,-5.321928,-2.3330865,-2.9888415093688963
P105Q,-2.821928,-1.6333596,-1.1885684485702517
P105L,-1.440642667,-1.453548,0.012905287559326073
P105R,-2.321928,-1.7511753,-0.5707527156143191
P105A,-2.321928,-0.79336596,-1.528562044647217
P105S,-2.6552613330000003,-1.2146766,-1.4405847144239505
V106L,0.0,-0.43856254,0.4385625422000885
V106I,0.25,-0.067433774,0.31743377447128296
V106F,-1.0,-1.0457096,0.04570960998535156
V106A,-0.660964,-0.547556,-0.11340801693344116
V106D,-1.0,-1.168859,0.16885900497436523
V106G,-2.321928,-1.478309,-0.8436189646987917
T107S,-0.333333333,-0.6975298,0.3641964597856445
T107I,-1.440642667,-1.1852009,-0.25544173735827647
T107A,-0.333333333,-0.7604257,0.42709235383624267
E108D,0.0,-0.12716809,0.12716808915138245
E108K,0.0,-0.09274088,0.09274087846279144
K109R,0.0,-0.1464712,0.14647120237350464
K109Q,0.0,-0.117593914,0.117593914270401
K109M,0.0,-0.13440081,0.13440081477165222
K109N,0.0,-0.19658454,0.1965845376253128
K109E,-0.5,-0.062901855,-0.4370981454849243
H110Y,0.0,-0.3339337,0.3339337110519409
H110R,-0.5,-0.34764692,-0.15235307812690735
H110Q,-1.0,-0.5560695,-0.4439305067062378
H110D,-2.321928,-1.4100465,-0.9118815417556765
L111P,-0.5,-1.3968519,0.8968518972396851
L111H,-0.333333333,-0.7294115,0.3960781498109741
L111F,0.0,-0.35067672,0.3506767153739929
L111I,0.0,-0.16676503,0.166765034198761
T112M,0.0,-0.1762124,0.1762124001979828
T112R,0.0,-0.107386485,0.10738648474216461
T112S,0.0,-0.08125006,0.08125005662441254
D113E,-0.2,-0.16162229,-0.0383777141571045
D113G,0.0,-0.21526773,0.21526773273944855
D113V,-0.333333333,-0.18519601,-0.14813732074147035
G114A,0.0,-1.8590294,1.8590294122695923
G114S,-1.660964,-1.854704,0.19374002240753163
G114V,-2.321928,-2.1953754,-0.1265525574951174
G114D,-3.321928,-1.9269024,-1.3950255866317751
M115V,-1.0,-1.4816475,0.4816474914550781
M115K,-2.988594667,-2.2634277,-0.7251669326250001
M115L,-1.0,-0.60677373,-0.3932262659072876
M115T,-1.0,-2.0128174,1.0128173828125
T116A,-0.666666667,-1.3261102,0.6594435767973023
T116S,0.0,-0.13606957,0.13606956601142883
T116R,-1.660964,-1.5996951,-0.061268913520813095
T116I,-1.0,-1.5750735,0.5750734806060791
V117I,0.0,-0.69308746,0.6930874586105347
V117E,-5.321928,-2.2480721,-3.073855852630615
V117L,0.0,-0.8209003,0.8209003210067749
R118G,0.0,-0.028453082,0.028453081846237183
R118I,0.0,-0.1234068,0.1234067976474762
R118S,0.0,-0.043243557,0.04324355721473694
E119G,-1.0,-2.0447001,1.0447001457214355
E119K,-2.321928,-1.4394622,-0.8824658150939944
E119D,0.0,-0.8174123,0.8174123167991638
L120F,-2.321928,-1.9451423,-0.37678573086547873
L120S,-3.821928,-2.381867,-1.440061068084717
C121W,-5.321928,-2.655004,-2.6669239754943845
C121Y,-5.321928,-2.7135081,-2.6084198708801267
C121S,-2.821928,-1.5433805,-1.2785475011138918
C121R,-5.321928,-2.9785852,-2.343342756774902
S122R,0.0,-0.075155646,0.07515564560890198
S122N,-0.25,-0.13380362,-0.11619637906551361
S122I,0.0,-0.13409702,0.13409702479839325
S122G,0.0,-0.13057521,0.13057520985603333
S122C,-0.666666667,-1.6726438,1.005977113708313
A123D,-4.321928,-2.51959,-1.8023380990295408
A123G,-1.0,-1.4280984,0.4280984401702881
A123S,-1.0,-0.994262,-0.005738019943237305
A123T,-2.321928,-1.6743237,-0.6476043219833376
A123V,-1.045989714,-1.7481883,0.7021985432174072
A124D,-5.321928,-2.5445209,-2.7774071450500486
A124P,-5.321928,-2.6494632,-2.672464823272705
A124S,0.0,-1.2770965,1.2770965099334717
A124T,-0.25,-0.6232465,0.3732464909553528
A124V,-0.5,-1.4207815,0.9207814931869507
I125V,0.0,-0.20082617,0.20082616806030273
I125M,0.0,-0.3919212,0.39192119240760803
I125L,0.0,-0.36815554,0.3681555390357971
I125K,-5.321928,-2.415759,-2.906168913391113
I125T,-2.321928,-2.0693064,-0.2526216264038088
T126N,-2.321928,-1.1712056,-1.1507223601608279
T126A,-0.333333333,-0.9437971,0.6104637785112305
T126I,-0.333333333,-0.70315444,0.36982111169451903
T126P,-4.321928,-2.5266643,-1.7952637429504392
T126S,-0.75,-0.30214113,-0.44785887002944946
M127V,0.5,-0.116962895,0.6169628947973251
M127T,-0.5,-0.31098711,-0.18901288509368896
M127R,0.0,-0.5903698,0.5903698205947876
M127L,0.0,-0.06314543,0.06314542889595032
M127K,-0.333333333,-0.61220485,0.2788715167200012
M127I,0.0,-0.13857387,0.13857387006282806
S128C,-5.321928,-2.284115,-3.0378129239349363
S128I,-3.160964,-2.7825832,-0.37838076330566395
S128N,-5.321928,-2.4320045,-2.889923548248291
S128R,-5.321928,-2.8786077,-2.443320250061035
D129N,-5.321928,-2.2066612,-3.1152667756347654
D129G,-5.321928,-2.4518638,-2.870064234283447
D129H,-5.321928,-2.4626198,-2.859308218505859
N130I,-5.321928,-2.7844028,-2.5375251527099607
N130Y,-4.321928,-2.849949,-1.4719791169433591
N130S,-3.321928,-2.2771778,-1.044750189331055
N130K,-5.321928,-2.5307922,-2.7911357636718748
T131A,-1.160964,-0.42851713,-0.7324468670024873
T131S,0.0,-0.31501353,0.3150135278701782
T131I,-5.321928,-1.469091,-3.852836942222595
T131N,-3.321928,-0.82836396,-2.4935640449790957
A132T,-5.321928,-2.342217,-2.979711031463623
A132E,-5.321928,-2.8568263,-2.4651016946105955
A132V,-5.321928,-2.4293566,-2.8925714249877927
A132G,-2.321928,-1.8278718,-0.4940562005310061
A132S,0.0,-1.9995999,1.9995999336242676
A133V,-3.821928,-1.8607188,-1.9612091536788943
A133T,0.0,-1.4299881,1.429988145828247
N134I,-4.321928,-2.8067899,-1.5151381249694822
N134S,-4.321928,-2.32055,-2.0013780350952146
L135S,-3.321928,-2.2702718,-1.0516562218933108
L135I,0.0,-0.3099401,0.3099400997161865
L135F,-2.321928,-1.3258878,-0.9960402007369997
L136R,-5.321928,-2.7992048,-2.5227231736450193
L136H,-5.321928,-2.585599,-2.736329054382324
L136P,-5.321928,-2.6434875,-2.6784405465393064
L137M,0.0,-0.47931424,0.47931423783302307
L137P,-5.321928,-2.5186887,-2.8032393212585447
L137Q,-2.488594667,-2.026082,-0.46251262812060556
L137R,-5.321928,-2.4829683,-2.838959669616699
T138A,0.0,-0.06059301,0.06059300899505615
T138I,0.0,-0.26917723,0.26917722821235657
T138R,0.0,-0.050150484,0.05015048384666443
T138K,0.0,-0.04562369,0.04562368988990784
T139A,0.333333333,-0.13309725,0.46643057928925324
T139M,-0.5,-0.2247706,-0.27522939443588257
T139S,0.0,-0.101805866,0.10180586576461792
I140F,-0.428571429,-0.9067298,0.4781583883904419
I140T,-1.660964,-1.4564084,-0.20455561853790294
I140V,0.0,-0.37980187,0.379801869392395
I140N,-2.6552613330000003,-2.0883465,-0.5669148516767581
G141E,-1.0,-1.1984484,0.19844841957092285
G141R,-0.666666667,-2.03975,1.373083432182129
G142A,-3.321928,-1.9469147,-1.3750133271484377
G142R,-3.321928,-2.0255208,-1.2964071984558108
G142V,-5.321928,-2.52774,-2.794187998321533
P143S,-2.101606667,-1.6890478,-0.41255885358447264
P143Q,-1.0,-1.9759911,0.9759911298751831
P143L,-3.1552613330000003,-2.041822,-1.1134393763654789
P143A,-1.0,-1.7124525,0.7124525308609009
K144N,0.0,-0.1351469,0.13514690101146698
K144E,0.0,0.0061999857,-0.00619998574256897
K144M,-1.107309333,-0.13521984,-0.972089490804489
E145K,0.0,-0.12591429,0.1259142905473709
E145V,0.0,-0.15994018,0.1599401831626892
E145Q,-1.0,-0.17931071,-0.8206892907619476
E145G,0.2,-0.12377712,0.3237771213054657
L146P,-5.321928,-2.350399,-2.9715289826660154
L146Q,-3.321928,-2.3891435,-0.9327845330505373
T147N,0.0,-0.5922735,0.592273473739624
T147I,-1.0,-1.261447,0.2614469528198242
T147A,-0.75,-1.0637996,0.3137996196746826
A148V,0.0,-0.08293302,0.08293302357196808
A148T,0.25,-0.09679814,0.3467981368303299
F149Y,0.0,-0.26355302,0.26355302333831787
F149S,-1.0,-1.2425865,0.24258649349212646
F149L,-0.428571429,-0.8002883,0.3717168905877075
F149I,-0.25,-1.057898,0.8078980445861816
F149V,-0.5,-0.91863966,0.4186396598815918
L150M,0.333333333,-0.72934717,1.0626805023992616
L150W,-1.0,-1.5290347,0.5290347337722778
L150F,0.0,-0.6933181,0.6933181285858154
L150S,-1.0,-1.5512801,0.55128014087677
H151L,-0.5,-0.14691387,-0.35308612883090973
H151Q,0.0,-0.08678332,0.08678331971168518
H151R,0.0,-0.0058661997,0.005866199731826782
H151Y,0.0,-0.244941,0.24494099617004395
N152H,0.0,-0.15774411,0.15774410963058472
N152I,0.0,-0.29918692,0.29918691515922546
N152K,-2.321928,-0.0730989,-2.2488291020660403
N152D,-0.5,-0.12673864,-0.37326136231422424
N152S,0.333333333,-0.08440985,0.41774318085556794
N152Y,0.0,-0.35816583,0.35816583037376404
M153K,-0.333333333,-0.4143864,0.08105305863970946
M153L,0.0,-0.27535048,0.2753504812717438
M153T,0.0,-0.58046854,0.5804685354232788
M153I,0.333333333,-0.19065875,0.5239920811498718
G154V,-4.321928,-1.6976362,-2.6242917533187864
G154W,-3.321928,-1.9545361,-1.3673919196395876
G154R,-1.0,-1.4550887,0.45508873462677
D155E,-2.321928,-1.7743111,-0.5476169343261721
D155N,-2.321928,-2.2735224,-0.04840562298584006
D155G,-5.321928,-2.7563057,-2.5656223054199216
D155V,-5.321928,-2.818328,-2.503600096252441
H156L,-0.5,-0.18133157,-0.3186684250831604
H156R,0.25,-0.14329602,0.393296018242836
H156P,1.0,-0.2455875,1.2455874979496002
V157I,0.0,-0.056400463,0.05640046298503876
V157A,0.0,-0.13949704,0.1394970417022705
V157E,0.0,-0.14493598,0.1449359804391861
V157G,-1.0,-0.4090917,-0.5909082889556885
V157L,0.0,-0.10945439,0.10945439338684082
T158S,0.333333333,-1.0074966,1.3408299283826906
T158I,-3.321928,-2.4027915,-0.9191364999084475
T158A,-1.0,-2.3221073,1.3221073150634766
R159C,-1.7931568,-1.2792249,-0.5139319274108887
R159H,0.0,-0.5280279,0.5280278921127319
R159L,-2.321928,-1.4850159,-0.8369121308593752
L160F,-1.0,-1.049706,0.04970598220825195
L160H,-0.5,-2.139563,1.6395630836486816
L160I,-0.5,-0.75174713,0.25174713134765625
L160P,-1.0,-1.6583096,0.6583095788955688
D161V,-1.991446,-2.2054594,0.21401335630798335
D161E,-0.666666667,-1.0015757,0.33490904138928224
D161G,-4.655261333,-1.8430157,-2.812245662223633
D161N,-0.5,-1.2871072,0.7871072292327881
R162H,-1.0,-0.9747007,-0.0252993106842041
R162C,-1.660964,-1.31275,-0.3482140181198121
R162S,-1.0,-1.8622639,0.8622639179229736
W163G,-1.0,-0.47531885,-0.5246811509132385
W163R,-0.444444444,-0.19240612,-0.2520383260838928
E164K,-5.321928,-2.6183681,-2.703559851196289
E164V,-5.321928,-2.490559,-2.8313688988952634
E164D,-5.321928,-2.2772732,-3.044654821899414
E164G,-5.321928,-2.5515866,-2.7703413720397947
P165S,-1.0,-1.1815302,0.18153023719787598
P165L,-0.333333333,-1.5293629,1.196029583946411
P165A,-1.160964,-1.3105236,0.1495596291885375
P165Q,-1.0,-1.6957396,0.6957396268844604
E166A,0.0,-0.124422714,0.12442271411418915
E166D,0.0,-0.124919295,0.12491929531097412
E166G,-0.666666667,-0.20612532,-0.46054134799594115
E166K,0.0,-0.17315723,0.1731572300195694
L167V,0.0,-0.86124116,0.8612411618232727
L167Q,-5.321928,-1.6218073,-3.700120663192749
L167P,-5.321928,-2.183054,-3.1388740296630857
L167M,0.0,-0.38756323,0.38756322860717773
N168Y,-5.321928,-2.396811,-2.9251169915466306
N168I,-4.821928,-2.105566,-2.7163619752197263
N168D,-3.321928,-1.6554012,-1.6665267701416018
N168S,-1.0,-1.4816705,0.4816704988479614
N168K,-5.321928,-2.1449127,-3.1770152802734373
E169G,0.0,-0.20974386,0.20974385738372803
E169K,0.0,-0.14610842,0.14610841870307922
E169V,0.0,-0.11012894,0.11012893915176392
E169D,0.0,-0.12166536,0.121665358543396
A170T,-0.833333333,-0.49864253,-0.33469079898243714
A170V,-1.045989714,-0.27911156,-0.7668781498406068
A170G,0.0,-0.29074708,0.2907470762729645
A170S,0.0,-0.2906373,0.2906373143196106
I171L,-0.166666667,-0.1682077,0.0015410380209045504
I171M,0.0,-0.25049594,0.25049594044685364
I171T,0.0,-0.21447763,0.21447762846946716
I171V,-0.25,-0.15024103,-0.09975896775722504
P172L,0.0,-0.13458832,0.1345883160829544
P172Q,0.0,-0.22638927,0.22638927400112152
P172A,0.0,-0.13134092,0.13134092092514038
P172S,-0.125,-0.13563012,0.010630115866661072
N173Y,0.25,-0.15765801,0.40765801072120667
N173S,0.25,-0.08510305,0.3351030498743057
N173K,0.333333333,-0.11657563,0.44990896151905824
N173D,0.0,-0.024763525,0.024763524532318115
D174E,0.0,-0.97897494,0.9789749383926392
D174V,-3.821928,-2.0945654,-1.7273626084594729
E175V,0.5,-0.0009698868,0.5009698867797852
E175K,0.0,-0.049799368,0.049799367785453796
E175D,-3.160964,-0.06898472,-3.091979282869339
R176H,-0.5,-0.68270046,0.18270045518875122
R176C,-1.0,-0.8921583,-0.10784167051315308
D177N,-4.321928,-1.973158,-2.3487699981002805
D177G,-5.321928,-2.4586062,-2.863321756866455
D177E,-5.321928,-2.1911588,-3.130769228485107
D177A,-5.321928,-2.584508,-2.7374200578002927
D177V,-5.321928,-2.7655368,-2.5563912148742673
D177Y,-5.321928,-2.7622952,-2.559632753875732
T178A,-3.321928,-2.1241217,-1.1978063340454104
T178I,-3.121928,-1.9636871,-1.1582409377365113
T178S,0.0,-0.68552905,0.6855290532112122
T178P,-5.321928,-2.7672396,-2.554688429382324
T178N,-3.321928,-1.9440088,-1.3779191727905276
T179S,0.0,-0.116680756,0.11668075621128082
T179K,-5.321928,-2.6994543,-2.6224736924438474
T179A,-2.988594667,-1.0175987,-1.9709959187929078
T179M,-5.321928,-1.7265517,-3.595376348045349
T179P,-5.321928,-2.7629852,-2.5589427705078123
T179R,-5.321928,-2.6726975,-2.6492304559020994
M180I,0.0,-0.111008614,0.11100861430168152
M180V,0.0,-0.12787397,0.1278739720582962
M180T,0.0,-0.06919852,0.06919851899147034
M180L,1.0,-0.1331712,1.1331712007522583
M180K,-0.25,-0.21826419,-0.03173580765724182
P181S,-3.321928,-1.864622,-1.4573060031204226
P181H,-5.321928,-2.560061,-2.7618670220642088
A182E,-1.0,-0.09356873,-0.9064312726259232
A182G,1.0,-0.1888054,1.1888054013252258
A182S,0.0,-0.09651694,0.0965169370174408
A182T,0.0,-0.11063632,0.11063632369041443
A182V,0.0,-0.05538264,0.05538263916969299
A183E,0.0,-0.29416984,0.2941698431968689
A183S,0.0,-0.11939396,0.1193939596414566
A183T,0.0,-0.24552138,0.24552138149738312
A183V,0.0,-0.17606622,0.17606621980667114
M184I,0.333333333,-0.40741286,0.7407461898172455
M184K,-5.321928,-2.64881,-2.673118090179443
M184L,-0.8,-0.54669833,-0.2533016681671143
M184T,-3.821928,-1.773506,-2.0484219546585085
M184V,0.0,-0.958143,0.9581429958343506
A185T,-3.321928,-1.4269818,-1.8949461932449343
T186A,-0.2,-0.109243944,-0.0907560557126999
T186S,0.0,-0.12150383,0.12150382995605469
T186I,0.25,-0.10000022,0.35000021755695343
T186P,0.0,-1.9404875,1.9404875040054321
T186K,0.0,-0.07026242,0.07026241719722748
T187M,-0.6,-0.8751953,0.275195324420929
T187K,-5.321928,-2.2458677,-3.076060270812988
T187A,-3.321928,-0.98473936,-2.3371886368064883
T187S,-0.5,-0.33607382,-0.16392618417739868
L188M,0.0,-0.4649279,0.46492791175842285
L188F,0.0,-1.0923026,1.0923025608062744
R189C,-0.5,-0.6399136,0.1399136185646057
R189H,0.0,-0.20189923,0.2018992304801941
R189G,0.0,-0.1837564,0.18375639617443085
R189P,-5.321928,-1.2224836,-4.099444365051269
K190Q,0.0,-0.17502417,0.17502416670322418
K190N,0.0,-0.1746366,0.1746366024017334
K190I,0.0,-0.2616759,0.2616758942604065
K190E,-0.2,-0.12994376,-0.07005624175071717
K190T,0.0,-0.14305365,0.14305365085601807
L191V,-0.5,-0.31493682,-0.1850631833076477
L191P,-5.321928,-2.126179,-3.1957490201263425
L192F,0.0,-0.672551,0.6725509762763977
L192S,-2.321928,-1.223028,-1.0989000554351809
L192I,0.0,-0.44659516,0.446595162153244
T193I,0.333333333,-0.09900038,0.43233371244316865
T193A,0.0,-0.18664986,0.1866498589515686
T193N,0.0,-0.2093094,0.2093093991279602
T193S,-0.333333333,-0.21875286,-0.11458047197705079
G194S,0.0,-0.24657851,0.24657851457595825
G194D,0.0,-0.18995836,0.1899583637714386
G194A,0.0,-0.37381846,0.37381845712661743
G194C,-0.333333333,-1.0639777,0.7306443853532715
E195K,0.0,-0.0070300996,0.007030099630355835
E195V,-2.321928,-0.19708467,-2.1248433347015383
E195G,-1.0,-0.10292955,-0.8970704525709152
E195D,0.0,-0.0384295,0.03842949867248535
L196V,0.0,0.0718928,-0.07189279794692993
L196P,-1.0,-0.08407959,-0.9159204065799713
L196Q,0.0,-0.089439616,0.08943961560726166
L197P,-2.6552613330000003,-1.7849616,-0.8702997517698368
L197H,-1.944234286,-1.9786555,0.034421171496643144
L197F,-2.321928,-1.0506985,-1.2712294812469485
T198S,0.0,-0.101625815,0.10162581503391266
T198P,-1.0,-0.32322767,-0.6767723262310028
T198A,-0.25,-0.31093392,0.060933917760849
T198I,-1.881285333,-1.0288174,-0.8524679177625731
L199I,0.0,-0.087668926,0.08766892552375793
L199P,0.0,-0.08449912,0.08449912071228027
L199Q,0.166666667,-0.062260106,0.22892677320594024
A200D,-2.321928,-0.08676556,-2.235162442472458
A200G,0.0,-0.1476455,0.147645503282547
A200T,0.0,-0.14243655,0.14243654906749725
A200S,0.0,-0.09503384,0.09503383934497833
A200V,0.0,-0.15637249,0.15637248754501343
S201C,0.0,-1.5033854,1.5033854246139526
S201F,-3.321928,-1.987764,-1.334163999107361
S201P,-3.571928,-1.5968406,-1.9750873799591067
S201T,-1.0,-0.8001858,-0.19981420040130615
R202W,-4.321928,-1.1359663,-3.1859616990356443
R202Q,0.2,-0.3924238,0.5924238085746765
R202L,-1.440642667,-1.3515325,-0.0891102077409669
Q203L,0.0,-0.22819401,0.22819401323795319
Q203R,0.166666667,-0.18250719,0.349173854128067
Q203H,0.0,-0.25313643,0.25313642621040344
Q203E,-1.160964,-0.10566907,-1.0552949336900712
Q204E,0.0,-0.28016838,0.2801683843135834
Q204H,-0.666666667,-0.35643893,-0.31022773219699096
Q204R,-0.4,-0.20706472,-0.19293528199195864
L205I,-0.666666667,-1.3747561,0.7080894307935791
L205S,-5.321928,-2.62296,-2.6989679093627927
I206M,0.0,-0.18706354,0.1870635449886322
I206T,-1.0,-0.2981822,-0.7018178105354309
I206V,-0.333333333,-0.15469229,-0.17864104078656007
I206L,0.0,-0.15469487,0.15469487011432648
I206K,0.0,-0.28951997,0.2895199656486511
D207E,0.0,-0.18114029,0.18114028871059418
D207G,-1.0,-0.23968896,-0.7603110373020172
D207V,-0.5,-0.39488512,-0.1051148772239685
D207Y,0.0,-0.6134818,0.6134818196296692
W208C,-2.988594667,-2.560679,-0.42791570810717783
W208R,-5.321928,-2.5100422,-2.811885809448242
M209V,-5.321928,-2.1858058,-3.1361222024230955
M209L,0.0,-0.75718516,0.757185161113739
M209I,-5.321928,-2.1397462,-3.182181810882568
E210D,0.0,-0.8692251,0.8692250847816467
E210G,-0.5,-0.69021845,0.19021844863891602
A211S,0.0,-0.14744362,0.14744362235069275
A211T,-1.0,-0.31047365,-0.6895263493061066
A211V,-1.0,-0.47036123,-0.5296387672424316
A211G,-1.0,-0.13256906,-0.8674309402704239
D212N,-1.660964,-0.17680809,-1.484155910982132
D212V,-2.988594667,-2.1140203,-0.8745743194047852
K213I,0.0,-0.49694663,0.49694663286209106
K213N,0.0,-0.44640866,0.4464086592197418
K213T,-0.5,-0.27057284,-0.22942715883255005
V214L,-1.0,-0.892573,-0.10742700099945068
V214I,-1.0,-0.12075193,-0.8792480677366257
V214G,-2.321928,-1.4611362,-0.8607917781143191
V214F,-1.0,-1.5670893,0.567089319229126
V214D,-5.071928,-1.2780538,-3.7938742394714353
V214A,-0.666666667,-0.8895431,0.2228764490926819
A215E,-3.321928,-1.767082,-1.5548460240631106
A215T,-1.660964,-1.1499217,-0.5110423443450929
A215V,-3.321928,-1.6896585,-1.6322694773941042
G216E,-2.160964,-0.3604046,-1.8005593893661498
G216R,-1.0,-0.8037828,-0.19621717929840088
G216V,-2.321928,-0.7102777,-1.6116503234176638
P217A,-0.2,-0.1823037,-0.017696303129196178
P217L,0.0,-1.0030521,1.0030521154403687
P217S,-0.924658667,-0.18192896,-0.742729704530899
L218I,-2.321928,-1.5293375,-0.7925904746322634
L218H,-3.321928,-2.2399173,-1.0820107217102053
L218V,-4.321928,-1.7460977,-2.5758303160934446
L218F,-4.321928,-1.824762,-2.497166013267517
L219M,0.0,-0.5027998,0.5027998089790344
L219V,-1.0,-0.663366,-0.33663398027420044
L219R,-3.321928,-2.3444247,-0.9775032754211428
L219Q,-3.321928,-2.1823125,-1.139615511444092
L219P,-3.321928,-2.2613707,-1.0605573411254885
R220C,-3.821928,-2.1269217,-1.6950063462524416
R220H,-3.446928,-1.8546023,-1.5923256631164553
R220L,-4.321928,-2.0564117,-2.2655162568359373
R220S,-3.321928,-2.1035056,-1.2184223885803225
S221P,-0.666666667,-0.40407407,-0.2625925941621704
S221A,0.0,-0.04258287,0.04258286952972412
S221T,0.0,-0.18747316,0.18747316300868988
S221W,-1.0,-0.72202224,-0.27797776460647583
S221L,0.0,-0.32713094,0.3271309435367584
A222T,0.0,-0.2545625,0.25456249713897705
A222V,0.125,-0.17702536,0.30202536284923553
L223R,-2.321928,-2.0102105,-0.3117174859313967
L223H,-4.571928,-1.8987793,-2.6731487269668577
L223I,0.0,-0.7281935,0.7281935214996338
L223P,-4.821928,-1.9232701,-2.898657893684387
L223F,-2.4575424,-1.3416061,-1.1159362598632812
P224S,-5.321928,-1.6173718,-3.7045562024383543
P224L,-2.160964,-1.8296378,-0.33132623411560047
P224Q,-1.107309333,-1.7228872,0.61557782539386
A225T,0.0,-0.11869788,0.1186978816986084
A225S,-1.0,-0.09765066,-0.9023493379354477
A225P,0.0,-0.19301221,0.19301220774650574
A225V,0.0,-0.12338886,0.1233888566493988
A225G,1.0,-0.17181085,1.1718108505010605
G226D,0.0,-0.085188225,0.08518822491168976
G226S,0.0,-0.14956608,0.14956608414649963
W227L,-5.321928,-2.5960093,-2.7259187455444334
W227G,-5.321928,-2.725072,-2.5968560929565427
W227S,-5.321928,-2.591445,-2.7304830308227537
W227R,-5.321928,-2.728302,-2.5936259980468748
F228I,-1.0,-1.8539338,0.8539338111877441
F228L,-1.881285333,-1.7683418,-0.11294355329113759
F228S,-2.321928,-2.1604624,-0.1614656205444338
I229T,-4.821928,-2.411272,-2.4106559510498045
I229V,-1.0,-0.6826073,-0.3173927068710327
I229M,-1.0,-2.0697007,1.0697007179260254
A230T,-5.321928,-2.1032054,-3.218722557571411
A230S,-1.0,-1.7524573,0.7524572610855103
A230D,-5.321928,-2.5425992,-2.779328798797607
A230V,-1.991446,-1.826564,-0.16488204564666753
A230P,-5.321928,-2.6091409,-2.7127871270446775
D231N,-2.821928,-1.7211109,-1.100817060020447
D231E,-3.821928,-1.4011135,-2.4208144898681643
D231V,-4.321928,-2.1656866,-2.15624139263916
K232E,-5.321928,-2.4301844,-2.891743635681152
K232Q,-5.321928,-2.2879534,-3.0339746232299802
S233Y,-5.321928,-2.5916748,-2.7302531953124998
S233T,0.0,-0.18466875,0.18466874957084656
S233C,-5.321928,-1.8758128,-3.4461152310638425
S233P,-3.321928,-2.1355305,-1.1863975281982424
G234E,-5.321928,-2.3522449,-2.969683146026611
G234R,-5.321928,-2.4032264,-2.918701624420166
G234V,-5.321928,-2.3636475,-2.9582805390624998
A235T,-2.321928,-0.3232368,-1.9986912067203524
A235S,-1.660964,-0.15944152,-1.501522484196663
A235D,-5.321928,-1.8944502,-3.4274778123168943
A235V,-2.101606667,-1.6777714,-0.4238352179109497
G236S,-2.321928,-1.6897737,-0.6321543212203982
G236A,0.0,-1.7757881,1.7757880687713623
G236C,-3.321928,-1.4641151,-1.8578128571777346
G236V,-5.321928,-2.4232135,-2.8987145180969236
G236R,-5.321928,-2.4288483,-2.8930797333984373
G236D,-4.321928,-1.9157866,-2.406141376045227
E237D,0.0,-0.11360453,0.11360453069210052
E237K,0.5,-0.17910895,0.6791089475154877
E237V,-1.0,-0.16335882,-0.8366411775350571
R238C,-0.285714286,-0.7605337,0.4748194044525757
R238G,-0.5,-0.5102475,0.010247528553009033
G239V,-5.321928,-2.4207282,-2.9011997933654783
G239E,-5.321928,-2.2956953,-3.0262326951293943
G239R,-5.321928,-2.2978249,-3.024103140380859
G239W,-5.321928,-2.3820915,-2.939836477783203
S240A,0.0,-0.9480574,0.9480574131011963
S240F,-4.321928,-2.2969074,-2.025020575073242
S240Y,-5.321928,-2.232543,-3.089385008361816
S240T,-1.0,-0.4884421,-0.5115579068660736
R241S,-3.321928,-1.9010499,-1.4208781476287844
R241H,-3.988594667,-1.7721747,-2.2164199510042115
R241C,-4.321928,-1.6956015,-2.6263265366821287
G242C,-0.666666667,-2.5700178,1.9033511476362306
G242D,-5.321928,-2.7831674,-2.538760637786865
G242S,-1.0643856000000005,-1.4437715,0.37938588151397656
G242A,-0.5,-0.93324697,0.4332469701766968
I243N,-4.988594667,-2.288958,-2.6996365943376466
I243T,-3.321928,-2.0933502,-1.2285778279571535
I243F,-2.321928,-1.9879016,-0.33402643158721945
I244F,-3.821928,-1.9047061,-1.9172218795089724
I244M,0.0,-0.89996004,0.8999600410461426
I244N,-5.321928,-2.1996298,-3.1222982163696287
I244T,-1.220321333,-1.7396994,0.5193780307084961
I244V,0.25,-0.1447941,0.3947941064834595
A245G,-1.0,-1.9467939,0.9467939138412476
A245V,-2.321928,-0.30629328,-2.015634721067429
A245E,-5.321928,-2.5634723,-2.7584557290344236
A246S,0.0,-1.1713467,1.171346664428711
A246T,0.0,-0.4576363,0.457636296749115
A246V,0.0,-0.08254652,0.08254651725292206
L247Q,-5.321928,-1.8876346,-3.434293365028381
L247R,-5.321928,-2.1624603,-3.1594676728515623
L247M,-0.25,-0.99464315,0.7446431517601013
L247P,-5.321928,-2.1567414,-3.1651866193084714
G248E,-5.321928,-2.6075292,-2.714398836639404
G248R,-5.321928,-2.705482,-2.6164459939270017
G248W,-5.321928,-2.7624621,-2.559465860870361
P249T,-1.0,-1.3361491,0.33614909648895264
P249S,-0.5,-1.1648259,0.6648259162902832
P249L,-1.881285333,-1.3225592,-0.5587260955198363
P249A,-1.0,-1.0975568,0.09755682945251465
D250N,0.5,-0.1392981,0.6392980962991714
D250H,1.0,-0.12787484,1.1278748363256454
D250V,0.0,-0.15543364,0.15543363988399506
D250E,0.0,-0.13021596,0.13021595776081085
D250G,-0.333333333,-0.21858212,-0.1147512094820099
D250Y,0.0,-0.25999764,0.2599976360797882
G251C,0.0,-0.88629156,0.8862915635108948
G251D,-3.321928,-0.2728994,-3.0490286107330324
G251V,-1.0,-0.54503673,-0.4549632668495178
K252M,0.333333333,-0.17087121,0.5042045460784988
K252T,-1.0,-0.15609157,-0.843908429145813
K252E,0.0,-0.03861703,0.038617029786109924
K252N,0.0,-0.14716093,0.14716093242168427
K252R,-0.428571429,-0.24714196,-0.18142947171697998
P253R,0.0,-0.33293393,0.3329339325428009
P253S,-0.333333333,-0.29328534,-0.04004799292927552
P253L,0.0,-0.4842155,0.48421549797058105
P253A,0.0,-0.2839291,0.28392910957336426
S254P,-0.5,-0.093220666,-0.40677933394908905
S254T,-1.0,-0.10443197,-0.8955680280923843
R255C,-3.321928,-1.917439,-1.4044890160827639
R255H,-1.7414459999999998,-2.0641894,0.32274343405151384
R255S,-1.881285333,-2.3109999,0.4297145373002931
I256V,0.0,-0.21902308,0.21902307868003845
I256T,-4.321928,-2.2140834,-2.1078445668487547
I256N,-5.321928,-2.317834,-3.0040940995483396
I256L,0.0,-0.35330197,0.3533019721508026
V257I,-0.25,-0.5699332,0.3199331760406494
V257E,-5.321928,-2.708218,-2.613709902313232
V257A,-1.0,-2.0159116,1.01591157913208
V257L,-1.0,-0.6751534,-0.32484662532806396
V258A,-5.321928,-0.14766982,-5.174258178022384
V258D,-5.321928,-2.173267,-3.148661112335205
V258F,-5.321928,-2.2066555,-3.115272497680664
V258I,0.0,-0.63415265,0.6341526508331299
I259F,-1.0,-1.6881762,0.688176155090332
I259M,-1.0,-1.141583,0.14158296585083008
I259T,-3.321928,-1.8817316,-1.4401963706283571
Y260D,-5.321928,-2.768496,-2.5534319634704588
Y260S,-5.321928,-2.6250014,-2.696926569488525
Y260H,-5.321928,-2.3767385,-2.945189451721191
Y260N,-5.321928,-2.5098262,-2.812101816680908
Y260F,0.0,-0.8829433,0.8829432725906372
T261S,0.0,-1.0362568,1.0362567901611328
T261A,0.0,-0.99262094,0.9926209449768066
T261M,0.181818182,-0.59413624,0.7759544200981445
T261K,-5.321928,-1.3562591,-3.965668892410278
T261R,-4.988594667,-1.6892552,-3.2993394294206544
T262A,0.0,-1.1232569,1.1232569217681885
T262M,0.0,-1.4219825,1.4219825267791748
T262S,0.0,-0.7231082,0.723108172416687
T262R,-1.0,-1.73275,0.7327500581741333
G263W,-3.321928,-1.7616365,-1.5602915044097903
G263V,-3.988594667,-1.779546,-2.209048644584839
S264I,-2.821928,-1.8487495,-0.97317848160553
S264G,-0.75,-1.5610504,0.8110504150390625
S264N,-1.0,-1.3293025,0.3293025493621826
S264T,0.0,-0.49116,0.49116000533103943
S264R,-2.521928,-1.9812623,-0.5406656737594604
Q265P,0.0,-1.0545145,1.0545145273208618
Q265R,0.0,-0.39217106,0.39217105507850647
Q265H,0.0,-0.20054626,0.2005462646484375
Q265L,-0.25,-0.31188324,0.061883240938186646
A266V,0.0,-0.13448478,0.13448478281497955
A266T,-0.5,-0.23964562,-0.2603543847799301
A266S,0.0,-0.2981735,0.2981734871864319
A266G,0.0,-0.60636187,0.6063618659973145
T267S,-0.333333333,-0.118966326,-0.21436700688248445
T267A,0.0,-0.29548997,0.29548996686935425
T267I,-1.0,-0.41904497,-0.5809550285339355
M268L,-0.5,-0.38031626,-0.11968374252319336
M268K,-1.660964,-1.0832866,-0.5776773569717408
M268T,-0.666666667,-0.7882765,0.12160982654934693
M268V,-1.547952,-0.44403708,-1.1039149201889038
M268I,-0.166666667,-0.34540698,0.17874031232243348
D269E,-0.25,-0.10358305,-0.14641694724559784
D269Y,0.0,-0.21500091,0.2150009125471115
D269N,0.0,-0.17053553,0.17053553462028503
D269G,0.0,-0.17922953,0.1792295277118683
D269V,-0.5,-0.11134158,-0.38865841925144196
E270G,-0.5,-0.21709742,-0.2829025834798813
E270D,0.0,-0.12722398,0.12722398340702057
E270V,-0.25,-0.08884072,-0.16115927696228027
E270K,-0.5,-0.12799473,-0.37200526893138885
R271G,-1.0,-1.4773608,0.4773608446121216
R271Q,0.0,-0.6732339,0.6732339262962341
N272I,-3.321928,-2.2841926,-1.0377354378967287
N272Y,-5.321928,-2.024846,-3.2970819230346677
N272K,-5.321928,-2.067503,-3.2544250245361326
R273S,0.0,-0.23051351,0.23051351308822632
R273K,0.5,-0.16772512,0.6677251160144806
R273I,0.0,-0.1630555,0.16305549442768097
R273G,0.0,-0.28526837,0.2852683663368225
Q274K,0.0,-0.35438907,0.3543890714645386
Q274L,-1.0,-0.07026872,-0.9297312796115875
Q274P,-3.321928,-1.4115303,-1.910397743728638
Q274R,0.0,-0.40395114,0.40395113825798035
Q274E,0.0,-0.63953507,0.6395350694656372
Q274H,0.0,-0.4890474,0.48904740810394287
I275M,0.0,-0.8164334,0.8164334297180176
I275N,-5.321928,-2.1015959,-3.2203321213989256
I275T,-4.321928,-2.1028254,-2.219102596786499
A276T,-0.5,-0.40726173,-0.09273827075958252
E277V,-0.7602754290000001,-0.43870172,-0.3215737099543611
E277K,-0.5,-0.36662558,-0.13337442278862
E277G,0.0,-0.6744695,0.6744694709777832
E277A,0.0,-0.31328413,0.31328412890434265
I278K,-5.321928,-2.6338825,-2.688045477416992
I278L,0.0,-0.30647174,0.30647173523902893
I278T,-4.321928,-1.8173889,-2.5045391078262327
I278M,-1.0,-0.6030394,-0.39696061611175537
I278V,0.0,-0.21155228,0.21155227720737457
G279C,-1.0,-0.7571678,-0.24283218383789062
G279R,-5.321928,-2.598977,-2.722950911071777
G279S,-1.660964,-0.3079822,-1.3529817936553956
A280S,0.0,-0.15191646,0.15191645920276642
A280T,0.0,-0.18026307,0.18026307225227356
A280V,-0.166666667,-0.09515932,-0.07150734497660827
S281T,0.0,-0.22190723,0.22190722823143005
S281P,-3.321928,-1.7673305,-1.5545974726943972
S281A,0.0,-0.17541498,0.17541497945785522
L282V,0.0,-0.14487319,0.14487318694591522
L282P,-5.321928,-2.5620303,-2.75989768460083
L282Q,-1.160964,-2.376473,1.2155089499816893
I283F,0.0,-0.25812,0.25812000036239624
I283V,-0.333333333,-0.12995176,-0.20338157282715608
I283T,0.0,-0.6198797,0.6198797225952148
I283N,-4.321928,-2.0657322,-2.25619575932312
K284E,0.0,-0.10366146,0.10366146266460419
K284N,-1.0,-0.21991514,-0.7800848633050919
K284R,0.5,-0.24503419,0.7450341880321503
K284T,0.0,-0.22628675,0.22628675401210785
H285Y,0.0,-0.19035843,0.19035843014717102
H285Q,-0.333333333,-0.30888784,-0.024445493682678232
H285P,-3.214618667,-0.46171987,-2.752898796432678
H285N,0.0,-0.28077185,0.2807718515396118
H285L,-1.0,-0.28876847,-0.711231529712677
W286R,-5.250499429,-2.1827047,-3.06779474188147
W286C,-5.321928,-2.0813224,-3.2406055684356687
W286L,-2.321928,-2.0683012,-0.253626799133301
